sep=,
"Correlation id","Operation name","Status","Event category","Level","Time","Subscription","Event initiated by","Resource type","Resource group","Resource"
"561272f6-4496-4c74-af3a-4ea10451f080","Create or Update Cluster","Accepted","Administrative","Informational","2019-05-11T06:39:40.708Z","356d6176-c606-4ce3-bb46-564065fbcec3","gr8kumar@gmail.com","Microsoft.HDInsight/clusters","MyStorage-GR8KUMAR","/subscriptions/356d6176-c606-4ce3-bb46-564065fbcec3/resourcegroups/MyStorage-GR8KUMAR/providers/Microsoft.HDInsight/clusters/gr8kumar-spark-hdinsight"
"561272f6-4496-4c74-af3a-4ea10451f080","Create Deployment","Started","Administrative","Informational","2019-05-11T06:39:28.900Z","356d6176-c606-4ce3-bb46-564065fbcec3","gr8kumar@gmail.com","Microsoft.Resources/deployments","MyStorage-GR8KUMAR","/subscriptions/356d6176-c606-4ce3-bb46-564065fbcec3/resourceGroups/MyStorage-GR8KUMAR/providers/Microsoft.Resources/deployments/HDInsight__2019-05-11T06.39.27.948Z"
"561272f6-4496-4c74-af3a-4ea10451f080","Create Deployment","Accepted","Administrative","Informational","2019-05-11T06:39:29.206Z","356d6176-c606-4ce3-bb46-564065fbcec3","gr8kumar@gmail.com","Microsoft.Resources/deployments","MyStorage-GR8KUMAR","/subscriptions/356d6176-c606-4ce3-bb46-564065fbcec3/resourceGroups/MyStorage-GR8KUMAR/providers/Microsoft.Resources/deployments/HDInsight__2019-05-11T06.39.27.948Z"
"561272f6-4496-4c74-af3a-4ea10451f080","List Storage Account Keys","Started","Administrative","Informational","2019-05-11T06:39:29.615Z","356d6176-c606-4ce3-bb46-564065fbcec3","gr8kumar@gmail.com","Microsoft.Storage/storageAccounts","MyStorage-GR8KUMAR","/subscriptions/356d6176-c606-4ce3-bb46-564065fbcec3/resourcegroups/MyStorage-GR8KUMAR/providers/Microsoft.Storage/storageAccounts/gr8kumarstorage"
"561272f6-4496-4c74-af3a-4ea10451f080","List Storage Account Keys","Succeeded","Administrative","Informational","2019-05-11T06:39:29.790Z","356d6176-c606-4ce3-bb46-564065fbcec3","gr8kumar@gmail.com","Microsoft.Storage/storageAccounts","MyStorage-GR8KUMAR","/subscriptions/356d6176-c606-4ce3-bb46-564065fbcec3/resourcegroups/MyStorage-GR8KUMAR/providers/Microsoft.Storage/storageAccounts/gr8kumarstorage"
"561272f6-4496-4c74-af3a-4ea10451f080","Create or Update Cluster","Started","Administrative","Informational","2019-05-11T06:39:29.862Z","356d6176-c606-4ce3-bb46-564065fbcec3","gr8kumar@gmail.com","Microsoft.HDInsight/clusters","MyStorage-GR8KUMAR","/subscriptions/356d6176-c606-4ce3-bb46-564065fbcec3/resourcegroups/MyStorage-GR8KUMAR/providers/Microsoft.HDInsight/clusters/gr8kumar-spark-hdinsight"
"c1a744af-962e-4c9c-815a-449863bb94a1","ValidateCreateRequest","Failed","Administrative","Error","2019-05-11T06:38:03.349Z","356d6176-c606-4ce3-bb46-564065fbcec3","gr8kumar@gmail.com","Microsoft.HdInsight/locations","","/subscriptions/356d6176-c606-4ce3-bb46-564065fbcec3/providers/Microsoft.HdInsight/locations/southindia"
"c1a744af-962e-4c9c-815a-449863bb94a1","ValidateCreateRequest","Started","Administrative","Informational","2019-05-11T06:37:43.333Z","356d6176-c606-4ce3-bb46-564065fbcec3","gr8kumar@gmail.com","Microsoft.HdInsight/locations","","/subscriptions/356d6176-c606-4ce3-bb46-564065fbcec3/providers/Microsoft.HdInsight/locations/southindia"
"fdf5d61d-92ba-4d35-9b55-089a960c8c9d","Update Storage Account Create","Succeeded","Administrative","Informational","2019-05-11T06:36:38.066Z","356d6176-c606-4ce3-bb46-564065fbcec3","gr8kumar@gmail.com","Microsoft.Storage/storageAccounts","MyStorage-GR8KUMAR","/subscriptions/356d6176-c606-4ce3-bb46-564065fbcec3/resourcegroups/MyStorage-GR8KUMAR/providers/Microsoft.Storage/storageAccounts/gr8kumarstorage"
"fdf5d61d-92ba-4d35-9b55-089a960c8c9d","Create Deployment","Started","Administrative","Informational","2019-05-11T06:26:35.110Z","356d6176-c606-4ce3-bb46-564065fbcec3","gr8kumar@gmail.com","Microsoft.Resources/deployments","MyStorage-GR8KUMAR","/subscriptions/356d6176-c606-4ce3-bb46-564065fbcec3/resourceGroups/MyStorage-GR8KUMAR/providers/Microsoft.Resources/deployments/Microsoft.StorageAccount-20190511115456"
"fdf5d61d-92ba-4d35-9b55-089a960c8c9d","Create Deployment","Started","Administrative","Informational","2019-05-11T06:26:35.110Z","356d6176-c606-4ce3-bb46-564065fbcec3","gr8kumar@gmail.com","Microsoft.Resources/deployments","MyStorage-GR8KUMAR","/subscriptions/356d6176-c606-4ce3-bb46-564065fbcec3/resourceGroups/MyStorage-GR8KUMAR/providers/Microsoft.Resources/deployments/Microsoft.StorageAccount-20190511115456"
"fdf5d61d-92ba-4d35-9b55-089a960c8c9d","Create Deployment","Accepted","Administrative","Informational","2019-05-11T06:26:35.291Z","356d6176-c606-4ce3-bb46-564065fbcec3","gr8kumar@gmail.com","Microsoft.Resources/deployments","MyStorage-GR8KUMAR","/subscriptions/356d6176-c606-4ce3-bb46-564065fbcec3/resourceGroups/MyStorage-GR8KUMAR/providers/Microsoft.Resources/deployments/Microsoft.StorageAccount-20190511115456"
"fdf5d61d-92ba-4d35-9b55-089a960c8c9d","Create Deployment","Accepted","Administrative","Informational","2019-05-11T06:26:35.291Z","356d6176-c606-4ce3-bb46-564065fbcec3","gr8kumar@gmail.com","Microsoft.Resources/deployments","MyStorage-GR8KUMAR","/subscriptions/356d6176-c606-4ce3-bb46-564065fbcec3/resourceGroups/MyStorage-GR8KUMAR/providers/Microsoft.Resources/deployments/Microsoft.StorageAccount-20190511115456"
"fdf5d61d-92ba-4d35-9b55-089a960c8c9d","Update Storage Account Create","Started","Administrative","Informational","2019-05-11T06:26:36.453Z","356d6176-c606-4ce3-bb46-564065fbcec3","gr8kumar@gmail.com","Microsoft.Storage/storageAccounts","MyStorage-GR8KUMAR","/subscriptions/356d6176-c606-4ce3-bb46-564065fbcec3/resourcegroups/MyStorage-GR8KUMAR/providers/Microsoft.Storage/storageAccounts/gr8kumarstorage"
"fdf5d61d-92ba-4d35-9b55-089a960c8c9d","Update Storage Account Create","Started","Administrative","Informational","2019-05-11T06:26:36.453Z","356d6176-c606-4ce3-bb46-564065fbcec3","gr8kumar@gmail.com","Microsoft.Storage/storageAccounts","MyStorage-GR8KUMAR","/subscriptions/356d6176-c606-4ce3-bb46-564065fbcec3/resourcegroups/MyStorage-GR8KUMAR/providers/Microsoft.Storage/storageAccounts/gr8kumarstorage"
"fdf5d61d-92ba-4d35-9b55-089a960c8c9d","Update Storage Account Create","Accepted","Administrative","Informational","2019-05-11T06:26:37.880Z","356d6176-c606-4ce3-bb46-564065fbcec3","gr8kumar@gmail.com","Microsoft.Storage/storageAccounts","MyStorage-GR8KUMAR","/subscriptions/356d6176-c606-4ce3-bb46-564065fbcec3/resourcegroups/MyStorage-GR8KUMAR/providers/Microsoft.Storage/storageAccounts/gr8kumarstorage"
"fdf5d61d-92ba-4d35-9b55-089a960c8c9d","Update Storage Account Create","Accepted","Administrative","Informational","2019-05-11T06:26:37.880Z","356d6176-c606-4ce3-bb46-564065fbcec3","gr8kumar@gmail.com","Microsoft.Storage/storageAccounts","MyStorage-GR8KUMAR","/subscriptions/356d6176-c606-4ce3-bb46-564065fbcec3/resourcegroups/MyStorage-GR8KUMAR/providers/Microsoft.Storage/storageAccounts/gr8kumarstorage"
"fdf5d61d-92ba-4d35-9b55-089a960c8c9d","Update Storage Account Create","Succeeded","Administrative","Informational","2019-05-11T06:26:55.323Z","356d6176-c606-4ce3-bb46-564065fbcec3","gr8kumar@gmail.com","Microsoft.Storage/storageAccounts","MyStorage-GR8KUMAR","/subscriptions/356d6176-c606-4ce3-bb46-564065fbcec3/resourcegroups/MyStorage-GR8KUMAR/providers/Microsoft.Storage/storageAccounts/gr8kumarstorage"
"fdf5d61d-92ba-4d35-9b55-089a960c8c9d","Update Storage Account Create","Succeeded","Administrative","Informational","2019-05-11T06:26:55.323Z","356d6176-c606-4ce3-bb46-564065fbcec3","gr8kumar@gmail.com","Microsoft.Storage/storageAccounts","MyStorage-GR8KUMAR","/subscriptions/356d6176-c606-4ce3-bb46-564065fbcec3/resourcegroups/MyStorage-GR8KUMAR/providers/Microsoft.Storage/storageAccounts/gr8kumarstorage"
"fdf5d61d-92ba-4d35-9b55-089a960c8c9d","Put blob service properties","Started","Administrative","Informational","2019-05-11T06:26:59.521Z","356d6176-c606-4ce3-bb46-564065fbcec3","gr8kumar@gmail.com","Microsoft.Storage/storageAccounts/blobServices","MyStorage-GR8KUMAR","/subscriptions/356d6176-c606-4ce3-bb46-564065fbcec3/resourcegroups/MyStorage-GR8KUMAR/providers/Microsoft.Storage/storageAccounts/gr8kumarstorage/blobServices/default"
"fdf5d61d-92ba-4d35-9b55-089a960c8c9d","Put blob service properties","Started","Administrative","Informational","2019-05-11T06:26:59.521Z","356d6176-c606-4ce3-bb46-564065fbcec3","gr8kumar@gmail.com","Microsoft.Storage/storageAccounts/blobServices","MyStorage-GR8KUMAR","/subscriptions/356d6176-c606-4ce3-bb46-564065fbcec3/resourcegroups/MyStorage-GR8KUMAR/providers/Microsoft.Storage/storageAccounts/gr8kumarstorage/blobServices/default"
"fdf5d61d-92ba-4d35-9b55-089a960c8c9d","Put blob service properties","Succeeded","Administrative","Informational","2019-05-11T06:27:00.121Z","356d6176-c606-4ce3-bb46-564065fbcec3","gr8kumar@gmail.com","Microsoft.Storage/storageAccounts/blobServices","MyStorage-GR8KUMAR","/subscriptions/356d6176-c606-4ce3-bb46-564065fbcec3/resourcegroups/MyStorage-GR8KUMAR/providers/Microsoft.Storage/storageAccounts/gr8kumarstorage/blobServices/default"
"fdf5d61d-92ba-4d35-9b55-089a960c8c9d","Put blob service properties","Succeeded","Administrative","Informational","2019-05-11T06:27:00.121Z","356d6176-c606-4ce3-bb46-564065fbcec3","gr8kumar@gmail.com","Microsoft.Storage/storageAccounts/blobServices","MyStorage-GR8KUMAR","/subscriptions/356d6176-c606-4ce3-bb46-564065fbcec3/resourcegroups/MyStorage-GR8KUMAR/providers/Microsoft.Storage/storageAccounts/gr8kumarstorage/blobServices/default"
"fdf5d61d-92ba-4d35-9b55-089a960c8c9d","Create Deployment","Succeeded","Administrative","Informational","2019-05-11T06:27:00.783Z","356d6176-c606-4ce3-bb46-564065fbcec3","gr8kumar@gmail.com","Microsoft.Resources/deployments","MyStorage-GR8KUMAR","/subscriptions/356d6176-c606-4ce3-bb46-564065fbcec3/resourceGroups/MyStorage-GR8KUMAR/providers/Microsoft.Resources/deployments/Microsoft.StorageAccount-20190511115456"
"fdf5d61d-92ba-4d35-9b55-089a960c8c9d","Create Deployment","Succeeded","Administrative","Informational","2019-05-11T06:27:00.783Z","356d6176-c606-4ce3-bb46-564065fbcec3","gr8kumar@gmail.com","Microsoft.Resources/deployments","MyStorage-GR8KUMAR","/subscriptions/356d6176-c606-4ce3-bb46-564065fbcec3/resourceGroups/MyStorage-GR8KUMAR/providers/Microsoft.Resources/deployments/Microsoft.StorageAccount-20190511115456"
"b6df1b4f-65e5-4a0a-87ca-8474a91a01f5","ValidateCreateRequest","Failed","Administrative","Error","2019-05-11T06:33:38.141Z","356d6176-c606-4ce3-bb46-564065fbcec3","gr8kumar@gmail.com","Microsoft.HdInsight/locations","","/subscriptions/356d6176-c606-4ce3-bb46-564065fbcec3/providers/Microsoft.HdInsight/locations/southindia"
"b6df1b4f-65e5-4a0a-87ca-8474a91a01f5","ValidateCreateRequest","Started","Administrative","Informational","2019-05-11T06:33:18.118Z","356d6176-c606-4ce3-bb46-564065fbcec3","gr8kumar@gmail.com","Microsoft.HdInsight/locations","","/subscriptions/356d6176-c606-4ce3-bb46-564065fbcec3/providers/Microsoft.HdInsight/locations/southindia"
"b6df1b4f-65e5-4a0a-87ca-8474a91a01f5","ValidateCreateRequest","Started","Administrative","Informational","2019-05-11T06:33:18.118Z","356d6176-c606-4ce3-bb46-564065fbcec3","gr8kumar@gmail.com","Microsoft.HdInsight/locations","","/subscriptions/356d6176-c606-4ce3-bb46-564065fbcec3/providers/Microsoft.HdInsight/locations/southindia"
"b627721c-5da4-4794-accd-84840d61c2bc","List Storage Account Keys","Succeeded","Administrative","Informational","2019-05-11T06:32:46.313Z","356d6176-c606-4ce3-bb46-564065fbcec3","gr8kumar@gmail.com","Microsoft.Storage/storageAccounts","MyStorage-GR8KUMAR","/subscriptions/356d6176-c606-4ce3-bb46-564065fbcec3/resourceGroups/MyStorage-GR8KUMAR/providers/Microsoft.Storage/storageAccounts/gr8kumarstorage"
"b627721c-5da4-4794-accd-84840d61c2bc","List Storage Account Keys","Started","Administrative","Informational","2019-05-11T06:32:46.137Z","356d6176-c606-4ce3-bb46-564065fbcec3","gr8kumar@gmail.com","Microsoft.Storage/storageAccounts","MyStorage-GR8KUMAR","/subscriptions/356d6176-c606-4ce3-bb46-564065fbcec3/resourceGroups/MyStorage-GR8KUMAR/providers/Microsoft.Storage/storageAccounts/gr8kumarstorage"
"5370ed69-8c25-4d66-8ed4-2bbe9f676123","List Storage Account Keys","Succeeded","Administrative","Informational","2019-05-11T06:32:11.277Z","356d6176-c606-4ce3-bb46-564065fbcec3","gr8kumar@gmail.com","Microsoft.Storage/storageAccounts","MyStorage-GR8KUMAR","/subscriptions/356d6176-c606-4ce3-bb46-564065fbcec3/resourceGroups/MyStorage-GR8KUMAR/providers/Microsoft.Storage/storageAccounts/gr8kumarstorage"
"5370ed69-8c25-4d66-8ed4-2bbe9f676123","List Storage Account Keys","Started","Administrative","Informational","2019-05-11T06:32:11.152Z","356d6176-c606-4ce3-bb46-564065fbcec3","gr8kumar@gmail.com","Microsoft.Storage/storageAccounts","MyStorage-GR8KUMAR","/subscriptions/356d6176-c606-4ce3-bb46-564065fbcec3/resourceGroups/MyStorage-GR8KUMAR/providers/Microsoft.Storage/storageAccounts/gr8kumarstorage"
"5370ed69-8c25-4d66-8ed4-2bbe9f676123","List Storage Account Keys","Started","Administrative","Informational","2019-05-11T06:32:11.152Z","356d6176-c606-4ce3-bb46-564065fbcec3","gr8kumar@gmail.com","Microsoft.Storage/storageAccounts","MyStorage-GR8KUMAR","/subscriptions/356d6176-c606-4ce3-bb46-564065fbcec3/resourceGroups/MyStorage-GR8KUMAR/providers/Microsoft.Storage/storageAccounts/gr8kumarstorage"
"5370ed69-8c25-4d66-8ed4-2bbe9f676123","List Storage Account Keys","Succeeded","Administrative","Informational","2019-05-11T06:32:11.277Z","356d6176-c606-4ce3-bb46-564065fbcec3","gr8kumar@gmail.com","Microsoft.Storage/storageAccounts","MyStorage-GR8KUMAR","/subscriptions/356d6176-c606-4ce3-bb46-564065fbcec3/resourceGroups/MyStorage-GR8KUMAR/providers/Microsoft.Storage/storageAccounts/gr8kumarstorage"
"811aeb6c-cf3f-4462-8f41-38bab3697c95","CheckNameAvailability","Succeeded","Administrative","Informational","2019-05-11T06:31:51.676Z","356d6176-c606-4ce3-bb46-564065fbcec3","gr8kumar@gmail.com","Microsoft.HdInsight/locations","","/subscriptions/356d6176-c606-4ce3-bb46-564065fbcec3/providers/Microsoft.HdInsight/locations/WestUS"
"811aeb6c-cf3f-4462-8f41-38bab3697c95","CheckNameAvailability","Started","Administrative","Informational","2019-05-11T06:31:42.889Z","356d6176-c606-4ce3-bb46-564065fbcec3","gr8kumar@gmail.com","Microsoft.HdInsight/locations","","/subscriptions/356d6176-c606-4ce3-bb46-564065fbcec3/providers/Microsoft.HdInsight/locations/WestUS"
"811aeb6c-cf3f-4462-8f41-38bab3697c95","CheckNameAvailability","Started","Administrative","Informational","2019-05-11T06:31:42.889Z","356d6176-c606-4ce3-bb46-564065fbcec3","gr8kumar@gmail.com","Microsoft.HdInsight/locations","","/subscriptions/356d6176-c606-4ce3-bb46-564065fbcec3/providers/Microsoft.HdInsight/locations/WestUS"
"811aeb6c-cf3f-4462-8f41-38bab3697c95","CheckNameAvailability","Succeeded","Administrative","Informational","2019-05-11T06:31:51.676Z","356d6176-c606-4ce3-bb46-564065fbcec3","gr8kumar@gmail.com","Microsoft.HdInsight/locations","","/subscriptions/356d6176-c606-4ce3-bb46-564065fbcec3/providers/Microsoft.HdInsight/locations/WestUS"
"7248d8b4-8693-4959-b6f6-7545dc66fb1f","ValidateCreateRequest","Failed","Administrative","Error","2019-05-11T06:31:43.254Z","356d6176-c606-4ce3-bb46-564065fbcec3","gr8kumar@gmail.com","Microsoft.HdInsight/locations","","/subscriptions/356d6176-c606-4ce3-bb46-564065fbcec3/providers/Microsoft.HdInsight/locations/southindia"
"7248d8b4-8693-4959-b6f6-7545dc66fb1f","ValidateCreateRequest","Started","Administrative","Informational","2019-05-11T06:31:42.904Z","356d6176-c606-4ce3-bb46-564065fbcec3","gr8kumar@gmail.com","Microsoft.HdInsight/locations","","/subscriptions/356d6176-c606-4ce3-bb46-564065fbcec3/providers/Microsoft.HdInsight/locations/southindia"
"7248d8b4-8693-4959-b6f6-7545dc66fb1f","ValidateCreateRequest","Started","Administrative","Informational","2019-05-11T06:31:42.904Z","356d6176-c606-4ce3-bb46-564065fbcec3","gr8kumar@gmail.com","Microsoft.HdInsight/locations","","/subscriptions/356d6176-c606-4ce3-bb46-564065fbcec3/providers/Microsoft.HdInsight/locations/southindia"
"7248d8b4-8693-4959-b6f6-7545dc66fb1f","ValidateCreateRequest","Failed","Administrative","Error","2019-05-11T06:31:43.254Z","356d6176-c606-4ce3-bb46-564065fbcec3","gr8kumar@gmail.com","Microsoft.HdInsight/locations","","/subscriptions/356d6176-c606-4ce3-bb46-564065fbcec3/providers/Microsoft.HdInsight/locations/southindia"
"6c21f641-017f-4944-8389-171649f412c5","Register","Succeeded","Administrative","Informational","2019-05-11T06:31:39.802Z","356d6176-c606-4ce3-bb46-564065fbcec3","gr8kumar@gmail.com","","","/subscriptions/356d6176-c606-4ce3-bb46-564065fbcec3/providers/Microsoft.HdInsight"
"6c21f641-017f-4944-8389-171649f412c5","Register","Started","Administrative","Informational","2019-05-11T06:31:32.179Z","356d6176-c606-4ce3-bb46-564065fbcec3","gr8kumar@gmail.com","","","/subscriptions/356d6176-c606-4ce3-bb46-564065fbcec3/providers/Microsoft.HdInsight"
"6c21f641-017f-4944-8389-171649f412c5","Register","Started","Administrative","Informational","2019-05-11T06:31:32.179Z","356d6176-c606-4ce3-bb46-564065fbcec3","gr8kumar@gmail.com","","","/subscriptions/356d6176-c606-4ce3-bb46-564065fbcec3/providers/Microsoft.HdInsight"
"6c21f641-017f-4944-8389-171649f412c5","Register","Succeeded","Administrative","Informational","2019-05-11T06:31:39.802Z","356d6176-c606-4ce3-bb46-564065fbcec3","gr8kumar@gmail.com","","","/subscriptions/356d6176-c606-4ce3-bb46-564065fbcec3/providers/Microsoft.HdInsight"
"9bcfbc63-6b20-4223-99ac-60f71b2f3ea3","Register","Succeeded","Administrative","Informational","2019-05-11T06:31:39.557Z","356d6176-c606-4ce3-bb46-564065fbcec3","gr8kumar@gmail.com","","","/subscriptions/356d6176-c606-4ce3-bb46-564065fbcec3/providers/Microsoft.HdInsight"
"9bcfbc63-6b20-4223-99ac-60f71b2f3ea3","Register","Started","Administrative","Informational","2019-05-11T06:31:33.744Z","356d6176-c606-4ce3-bb46-564065fbcec3","gr8kumar@gmail.com","","","/subscriptions/356d6176-c606-4ce3-bb46-564065fbcec3/providers/Microsoft.HdInsight"
"9bcfbc63-6b20-4223-99ac-60f71b2f3ea3","Register","Started","Administrative","Informational","2019-05-11T06:31:33.744Z","356d6176-c606-4ce3-bb46-564065fbcec3","gr8kumar@gmail.com","","","/subscriptions/356d6176-c606-4ce3-bb46-564065fbcec3/providers/Microsoft.HdInsight"
"9bcfbc63-6b20-4223-99ac-60f71b2f3ea3","Register","Succeeded","Administrative","Informational","2019-05-11T06:31:39.557Z","356d6176-c606-4ce3-bb46-564065fbcec3","gr8kumar@gmail.com","","","/subscriptions/356d6176-c606-4ce3-bb46-564065fbcec3/providers/Microsoft.HdInsight"
"7668d3f1-8e2a-45af-96c9-a56ce7894295","Register","Succeeded","Administrative","Informational","2019-05-11T06:31:39.497Z","356d6176-c606-4ce3-bb46-564065fbcec3","gr8kumar@gmail.com","","","/subscriptions/356d6176-c606-4ce3-bb46-564065fbcec3/providers/Microsoft.HdInsight"
"7668d3f1-8e2a-45af-96c9-a56ce7894295","Register","Started","Administrative","Informational","2019-05-11T06:31:33.654Z","356d6176-c606-4ce3-bb46-564065fbcec3","gr8kumar@gmail.com","","","/subscriptions/356d6176-c606-4ce3-bb46-564065fbcec3/providers/Microsoft.HdInsight"
"7668d3f1-8e2a-45af-96c9-a56ce7894295","Register","Started","Administrative","Informational","2019-05-11T06:31:33.654Z","356d6176-c606-4ce3-bb46-564065fbcec3","gr8kumar@gmail.com","","","/subscriptions/356d6176-c606-4ce3-bb46-564065fbcec3/providers/Microsoft.HdInsight"
"7668d3f1-8e2a-45af-96c9-a56ce7894295","Register","Succeeded","Administrative","Informational","2019-05-11T06:31:39.497Z","356d6176-c606-4ce3-bb46-564065fbcec3","gr8kumar@gmail.com","","","/subscriptions/356d6176-c606-4ce3-bb46-564065fbcec3/providers/Microsoft.HdInsight"
"3dbfbd47-b158-4a90-9094-3dc560d6253d","Register","Succeeded","Administrative","Informational","2019-05-11T06:31:39.292Z","356d6176-c606-4ce3-bb46-564065fbcec3","gr8kumar@gmail.com","","","/subscriptions/356d6176-c606-4ce3-bb46-564065fbcec3/providers/Microsoft.HdInsight"
"3dbfbd47-b158-4a90-9094-3dc560d6253d","Register","Started","Administrative","Informational","2019-05-11T06:31:32.199Z","356d6176-c606-4ce3-bb46-564065fbcec3","gr8kumar@gmail.com","","","/subscriptions/356d6176-c606-4ce3-bb46-564065fbcec3/providers/Microsoft.HdInsight"
"3dbfbd47-b158-4a90-9094-3dc560d6253d","Register","Started","Administrative","Informational","2019-05-11T06:31:32.199Z","356d6176-c606-4ce3-bb46-564065fbcec3","gr8kumar@gmail.com","","","/subscriptions/356d6176-c606-4ce3-bb46-564065fbcec3/providers/Microsoft.HdInsight"
"3dbfbd47-b158-4a90-9094-3dc560d6253d","Register","Succeeded","Administrative","Informational","2019-05-11T06:31:39.292Z","356d6176-c606-4ce3-bb46-564065fbcec3","gr8kumar@gmail.com","","","/subscriptions/356d6176-c606-4ce3-bb46-564065fbcec3/providers/Microsoft.HdInsight"
"4cc546ca-fe71-4048-88a0-3232ad1eb3f0","Register","Succeeded","Administrative","Informational","2019-05-11T06:31:39.117Z","356d6176-c606-4ce3-bb46-564065fbcec3","gr8kumar@gmail.com","","","/subscriptions/356d6176-c606-4ce3-bb46-564065fbcec3/providers/Microsoft.HdInsight"
"4cc546ca-fe71-4048-88a0-3232ad1eb3f0","Register","Started","Administrative","Informational","2019-05-11T06:31:33.714Z","356d6176-c606-4ce3-bb46-564065fbcec3","gr8kumar@gmail.com","","","/subscriptions/356d6176-c606-4ce3-bb46-564065fbcec3/providers/Microsoft.HdInsight"
"4cc546ca-fe71-4048-88a0-3232ad1eb3f0","Register","Started","Administrative","Informational","2019-05-11T06:31:33.714Z","356d6176-c606-4ce3-bb46-564065fbcec3","gr8kumar@gmail.com","","","/subscriptions/356d6176-c606-4ce3-bb46-564065fbcec3/providers/Microsoft.HdInsight"
"4cc546ca-fe71-4048-88a0-3232ad1eb3f0","Register","Succeeded","Administrative","Informational","2019-05-11T06:31:39.117Z","356d6176-c606-4ce3-bb46-564065fbcec3","gr8kumar@gmail.com","","","/subscriptions/356d6176-c606-4ce3-bb46-564065fbcec3/providers/Microsoft.HdInsight"
"49e9149e-1a5c-4a33-b120-c167374f0015","Register","Succeeded","Administrative","Informational","2019-05-11T06:31:39.072Z","356d6176-c606-4ce3-bb46-564065fbcec3","gr8kumar@gmail.com","","","/subscriptions/356d6176-c606-4ce3-bb46-564065fbcec3/providers/Microsoft.HdInsight"
"49e9149e-1a5c-4a33-b120-c167374f0015","Register","Started","Administrative","Informational","2019-05-11T06:31:33.694Z","356d6176-c606-4ce3-bb46-564065fbcec3","gr8kumar@gmail.com","","","/subscriptions/356d6176-c606-4ce3-bb46-564065fbcec3/providers/Microsoft.HdInsight"
"49e9149e-1a5c-4a33-b120-c167374f0015","Register","Started","Administrative","Informational","2019-05-11T06:31:33.694Z","356d6176-c606-4ce3-bb46-564065fbcec3","gr8kumar@gmail.com","","","/subscriptions/356d6176-c606-4ce3-bb46-564065fbcec3/providers/Microsoft.HdInsight"
"49e9149e-1a5c-4a33-b120-c167374f0015","Register","Succeeded","Administrative","Informational","2019-05-11T06:31:39.072Z","356d6176-c606-4ce3-bb46-564065fbcec3","gr8kumar@gmail.com","","","/subscriptions/356d6176-c606-4ce3-bb46-564065fbcec3/providers/Microsoft.HdInsight"
"31ced56e-9968-4136-a315-435aa7955275","Register","Succeeded","Administrative","Informational","2019-05-11T06:31:38.952Z","356d6176-c606-4ce3-bb46-564065fbcec3","gr8kumar@gmail.com","","","/subscriptions/356d6176-c606-4ce3-bb46-564065fbcec3/providers/Microsoft.HdInsight"
"31ced56e-9968-4136-a315-435aa7955275","Register","Started","Administrative","Informational","2019-05-11T06:31:32.244Z","356d6176-c606-4ce3-bb46-564065fbcec3","gr8kumar@gmail.com","","","/subscriptions/356d6176-c606-4ce3-bb46-564065fbcec3/providers/Microsoft.HdInsight"
"31ced56e-9968-4136-a315-435aa7955275","Register","Started","Administrative","Informational","2019-05-11T06:31:32.244Z","356d6176-c606-4ce3-bb46-564065fbcec3","gr8kumar@gmail.com","","","/subscriptions/356d6176-c606-4ce3-bb46-564065fbcec3/providers/Microsoft.HdInsight"
"31ced56e-9968-4136-a315-435aa7955275","Register","Succeeded","Administrative","Informational","2019-05-11T06:31:38.952Z","356d6176-c606-4ce3-bb46-564065fbcec3","gr8kumar@gmail.com","","","/subscriptions/356d6176-c606-4ce3-bb46-564065fbcec3/providers/Microsoft.HdInsight"
"f87310c6-8dc3-4649-b912-037976792395","Register","Succeeded","Administrative","Informational","2019-05-11T06:31:37.891Z","356d6176-c606-4ce3-bb46-564065fbcec3","gr8kumar@gmail.com","","","/subscriptions/356d6176-c606-4ce3-bb46-564065fbcec3/providers/Microsoft.HdInsight"
"f87310c6-8dc3-4649-b912-037976792395","Register","Started","Administrative","Informational","2019-05-11T06:31:32.139Z","356d6176-c606-4ce3-bb46-564065fbcec3","gr8kumar@gmail.com","","","/subscriptions/356d6176-c606-4ce3-bb46-564065fbcec3/providers/Microsoft.HdInsight"
"f87310c6-8dc3-4649-b912-037976792395","Register","Started","Administrative","Informational","2019-05-11T06:31:32.139Z","356d6176-c606-4ce3-bb46-564065fbcec3","gr8kumar@gmail.com","","","/subscriptions/356d6176-c606-4ce3-bb46-564065fbcec3/providers/Microsoft.HdInsight"
"f87310c6-8dc3-4649-b912-037976792395","Register","Succeeded","Administrative","Informational","2019-05-11T06:31:37.891Z","356d6176-c606-4ce3-bb46-564065fbcec3","gr8kumar@gmail.com","","","/subscriptions/356d6176-c606-4ce3-bb46-564065fbcec3/providers/Microsoft.HdInsight"
"b0f0b894-e2b0-400b-b3e2-5f45c3db801b","ValidateCreateRequest","Failed","Administrative","Error","2019-05-11T06:31:32.784Z","356d6176-c606-4ce3-bb46-564065fbcec3","gr8kumar@gmail.com","Microsoft.HdInsight/locations","","/subscriptions/356d6176-c606-4ce3-bb46-564065fbcec3/providers/Microsoft.HdInsight/locations/southindia"
"b0f0b894-e2b0-400b-b3e2-5f45c3db801b","ValidateCreateRequest","Started","Administrative","Informational","2019-05-11T06:31:32.354Z","356d6176-c606-4ce3-bb46-564065fbcec3","gr8kumar@gmail.com","Microsoft.HdInsight/locations","","/subscriptions/356d6176-c606-4ce3-bb46-564065fbcec3/providers/Microsoft.HdInsight/locations/southindia"
"b0f0b894-e2b0-400b-b3e2-5f45c3db801b","ValidateCreateRequest","Started","Administrative","Informational","2019-05-11T06:31:32.354Z","356d6176-c606-4ce3-bb46-564065fbcec3","gr8kumar@gmail.com","Microsoft.HdInsight/locations","","/subscriptions/356d6176-c606-4ce3-bb46-564065fbcec3/providers/Microsoft.HdInsight/locations/southindia"
"b0f0b894-e2b0-400b-b3e2-5f45c3db801b","ValidateCreateRequest","Failed","Administrative","Error","2019-05-11T06:31:32.784Z","356d6176-c606-4ce3-bb46-564065fbcec3","gr8kumar@gmail.com","Microsoft.HdInsight/locations","","/subscriptions/356d6176-c606-4ce3-bb46-564065fbcec3/providers/Microsoft.HdInsight/locations/southindia"
"8beccc2d-fea7-4010-bcad-6c5e182dd767","List Storage Account Keys","Succeeded","Administrative","Informational","2019-05-11T06:30:25.668Z","356d6176-c606-4ce3-bb46-564065fbcec3","gr8kumar@gmail.com","Microsoft.Storage/storageAccounts","MyStorage-GR8KUMAR","/subscriptions/356d6176-c606-4ce3-bb46-564065fbcec3/resourceGroups/MyStorage-GR8KUMAR/providers/Microsoft.Storage/storageAccounts/gr8kumarstorage"
"8beccc2d-fea7-4010-bcad-6c5e182dd767","List Storage Account Keys","Started","Administrative","Informational","2019-05-11T06:30:25.538Z","356d6176-c606-4ce3-bb46-564065fbcec3","gr8kumar@gmail.com","Microsoft.Storage/storageAccounts","MyStorage-GR8KUMAR","/subscriptions/356d6176-c606-4ce3-bb46-564065fbcec3/resourceGroups/MyStorage-GR8KUMAR/providers/Microsoft.Storage/storageAccounts/gr8kumarstorage"
"8beccc2d-fea7-4010-bcad-6c5e182dd767","List Storage Account Keys","Started","Administrative","Informational","2019-05-11T06:30:25.538Z","356d6176-c606-4ce3-bb46-564065fbcec3","gr8kumar@gmail.com","Microsoft.Storage/storageAccounts","MyStorage-GR8KUMAR","/subscriptions/356d6176-c606-4ce3-bb46-564065fbcec3/resourceGroups/MyStorage-GR8KUMAR/providers/Microsoft.Storage/storageAccounts/gr8kumarstorage"
"8beccc2d-fea7-4010-bcad-6c5e182dd767","List Storage Account Keys","Succeeded","Administrative","Informational","2019-05-11T06:30:25.668Z","356d6176-c606-4ce3-bb46-564065fbcec3","gr8kumar@gmail.com","Microsoft.Storage/storageAccounts","MyStorage-GR8KUMAR","/subscriptions/356d6176-c606-4ce3-bb46-564065fbcec3/resourceGroups/MyStorage-GR8KUMAR/providers/Microsoft.Storage/storageAccounts/gr8kumarstorage"
"1044ac4f-8f7a-4834-a40e-0c7e517714ec","List Storage Account Keys","Succeeded","Administrative","Informational","2019-05-11T06:28:46.485Z","356d6176-c606-4ce3-bb46-564065fbcec3","gr8kumar@gmail.com","Microsoft.Storage/storageAccounts","MyStorage-GR8KUMAR","/subscriptions/356d6176-c606-4ce3-bb46-564065fbcec3/resourceGroups/MyStorage-GR8KUMAR/providers/Microsoft.Storage/storageAccounts/gr8kumarstorage"
"1044ac4f-8f7a-4834-a40e-0c7e517714ec","List Storage Account Keys","Started","Administrative","Informational","2019-05-11T06:28:46.295Z","356d6176-c606-4ce3-bb46-564065fbcec3","gr8kumar@gmail.com","Microsoft.Storage/storageAccounts","MyStorage-GR8KUMAR","/subscriptions/356d6176-c606-4ce3-bb46-564065fbcec3/resourceGroups/MyStorage-GR8KUMAR/providers/Microsoft.Storage/storageAccounts/gr8kumarstorage"
"1044ac4f-8f7a-4834-a40e-0c7e517714ec","List Storage Account Keys","Started","Administrative","Informational","2019-05-11T06:28:46.295Z","356d6176-c606-4ce3-bb46-564065fbcec3","gr8kumar@gmail.com","Microsoft.Storage/storageAccounts","MyStorage-GR8KUMAR","/subscriptions/356d6176-c606-4ce3-bb46-564065fbcec3/resourceGroups/MyStorage-GR8KUMAR/providers/Microsoft.Storage/storageAccounts/gr8kumarstorage"
"1044ac4f-8f7a-4834-a40e-0c7e517714ec","List Storage Account Keys","Succeeded","Administrative","Informational","2019-05-11T06:28:46.485Z","356d6176-c606-4ce3-bb46-564065fbcec3","gr8kumar@gmail.com","Microsoft.Storage/storageAccounts","MyStorage-GR8KUMAR","/subscriptions/356d6176-c606-4ce3-bb46-564065fbcec3/resourceGroups/MyStorage-GR8KUMAR/providers/Microsoft.Storage/storageAccounts/gr8kumarstorage"
"75161535-a862-4656-b16f-82c78dcbec41","ValidateCreateRequest","Failed","Administrative","Error","2019-05-11T06:28:29.256Z","356d6176-c606-4ce3-bb46-564065fbcec3","gr8kumar@gmail.com","Microsoft.HdInsight/locations","","/subscriptions/356d6176-c606-4ce3-bb46-564065fbcec3/providers/Microsoft.HdInsight/locations/southindia"
"75161535-a862-4656-b16f-82c78dcbec41","ValidateCreateRequest","Started","Administrative","Informational","2019-05-11T06:28:28.321Z","356d6176-c606-4ce3-bb46-564065fbcec3","gr8kumar@gmail.com","Microsoft.HdInsight/locations","","/subscriptions/356d6176-c606-4ce3-bb46-564065fbcec3/providers/Microsoft.HdInsight/locations/southindia"
"75161535-a862-4656-b16f-82c78dcbec41","ValidateCreateRequest","Started","Administrative","Informational","2019-05-11T06:28:28.321Z","356d6176-c606-4ce3-bb46-564065fbcec3","gr8kumar@gmail.com","Microsoft.HdInsight/locations","","/subscriptions/356d6176-c606-4ce3-bb46-564065fbcec3/providers/Microsoft.HdInsight/locations/southindia"
"75161535-a862-4656-b16f-82c78dcbec41","ValidateCreateRequest","Failed","Administrative","Error","2019-05-11T06:28:29.256Z","356d6176-c606-4ce3-bb46-564065fbcec3","gr8kumar@gmail.com","Microsoft.HdInsight/locations","","/subscriptions/356d6176-c606-4ce3-bb46-564065fbcec3/providers/Microsoft.HdInsight/locations/southindia"
"0d449a7a-7574-4a1f-9665-a31e18587557","CheckNameAvailability","Succeeded","Administrative","Informational","2019-05-11T06:28:25.098Z","356d6176-c606-4ce3-bb46-564065fbcec3","gr8kumar@gmail.com","Microsoft.HdInsight/locations","","/subscriptions/356d6176-c606-4ce3-bb46-564065fbcec3/providers/Microsoft.HdInsight/locations/WestUS"
"0d449a7a-7574-4a1f-9665-a31e18587557","CheckNameAvailability","Started","Administrative","Informational","2019-05-11T06:28:16.333Z","356d6176-c606-4ce3-bb46-564065fbcec3","gr8kumar@gmail.com","Microsoft.HdInsight/locations","","/subscriptions/356d6176-c606-4ce3-bb46-564065fbcec3/providers/Microsoft.HdInsight/locations/WestUS"
"0d449a7a-7574-4a1f-9665-a31e18587557","CheckNameAvailability","Started","Administrative","Informational","2019-05-11T06:28:16.333Z","356d6176-c606-4ce3-bb46-564065fbcec3","gr8kumar@gmail.com","Microsoft.HdInsight/locations","","/subscriptions/356d6176-c606-4ce3-bb46-564065fbcec3/providers/Microsoft.HdInsight/locations/WestUS"
"0d449a7a-7574-4a1f-9665-a31e18587557","CheckNameAvailability","Succeeded","Administrative","Informational","2019-05-11T06:28:25.098Z","356d6176-c606-4ce3-bb46-564065fbcec3","gr8kumar@gmail.com","Microsoft.HdInsight/locations","","/subscriptions/356d6176-c606-4ce3-bb46-564065fbcec3/providers/Microsoft.HdInsight/locations/WestUS"
"04c7096b-8702-40bb-ad5d-ddbc2f9bab45","Register","Succeeded","Administrative","Informational","2019-05-11T06:28:18.418Z","356d6176-c606-4ce3-bb46-564065fbcec3","gr8kumar@gmail.com","","","/subscriptions/356d6176-c606-4ce3-bb46-564065fbcec3/providers/Microsoft.HdInsight"
"04c7096b-8702-40bb-ad5d-ddbc2f9bab45","Register","Started","Administrative","Informational","2019-05-11T06:28:12.991Z","356d6176-c606-4ce3-bb46-564065fbcec3","gr8kumar@gmail.com","","","/subscriptions/356d6176-c606-4ce3-bb46-564065fbcec3/providers/Microsoft.HdInsight"
"04c7096b-8702-40bb-ad5d-ddbc2f9bab45","Register","Started","Administrative","Informational","2019-05-11T06:28:12.991Z","356d6176-c606-4ce3-bb46-564065fbcec3","gr8kumar@gmail.com","","","/subscriptions/356d6176-c606-4ce3-bb46-564065fbcec3/providers/Microsoft.HdInsight"
"04c7096b-8702-40bb-ad5d-ddbc2f9bab45","Register","Succeeded","Administrative","Informational","2019-05-11T06:28:18.418Z","356d6176-c606-4ce3-bb46-564065fbcec3","gr8kumar@gmail.com","","","/subscriptions/356d6176-c606-4ce3-bb46-564065fbcec3/providers/Microsoft.HdInsight"
"fc16f5e0-9b72-43e9-8fce-f2417433bbb5","Register","Succeeded","Administrative","Informational","2019-05-11T06:28:17.303Z","356d6176-c606-4ce3-bb46-564065fbcec3","gr8kumar@gmail.com","","","/subscriptions/356d6176-c606-4ce3-bb46-564065fbcec3/providers/Microsoft.HdInsight"
"fc16f5e0-9b72-43e9-8fce-f2417433bbb5","Register","Started","Administrative","Informational","2019-05-11T06:28:12.976Z","356d6176-c606-4ce3-bb46-564065fbcec3","gr8kumar@gmail.com","","","/subscriptions/356d6176-c606-4ce3-bb46-564065fbcec3/providers/Microsoft.HdInsight"
"fc16f5e0-9b72-43e9-8fce-f2417433bbb5","Register","Started","Administrative","Informational","2019-05-11T06:28:12.976Z","356d6176-c606-4ce3-bb46-564065fbcec3","gr8kumar@gmail.com","","","/subscriptions/356d6176-c606-4ce3-bb46-564065fbcec3/providers/Microsoft.HdInsight"
"fc16f5e0-9b72-43e9-8fce-f2417433bbb5","Register","Succeeded","Administrative","Informational","2019-05-11T06:28:17.303Z","356d6176-c606-4ce3-bb46-564065fbcec3","gr8kumar@gmail.com","","","/subscriptions/356d6176-c606-4ce3-bb46-564065fbcec3/providers/Microsoft.HdInsight"
"d3d7f0c8-fab7-45c6-846e-447b9dd74335","CheckNameAvailability","Succeeded","Administrative","Informational","2019-05-11T06:27:42.433Z","356d6176-c606-4ce3-bb46-564065fbcec3","gr8kumar@gmail.com","Microsoft.HdInsight/locations","","/subscriptions/356d6176-c606-4ce3-bb46-564065fbcec3/providers/Microsoft.HdInsight/locations/WestUS"
"d3d7f0c8-fab7-45c6-846e-447b9dd74335","CheckNameAvailability","Started","Administrative","Informational","2019-05-11T06:27:33.210Z","356d6176-c606-4ce3-bb46-564065fbcec3","gr8kumar@gmail.com","Microsoft.HdInsight/locations","","/subscriptions/356d6176-c606-4ce3-bb46-564065fbcec3/providers/Microsoft.HdInsight/locations/WestUS"
"d3d7f0c8-fab7-45c6-846e-447b9dd74335","CheckNameAvailability","Started","Administrative","Informational","2019-05-11T06:27:33.210Z","356d6176-c606-4ce3-bb46-564065fbcec3","gr8kumar@gmail.com","Microsoft.HdInsight/locations","","/subscriptions/356d6176-c606-4ce3-bb46-564065fbcec3/providers/Microsoft.HdInsight/locations/WestUS"
"d3d7f0c8-fab7-45c6-846e-447b9dd74335","CheckNameAvailability","Succeeded","Administrative","Informational","2019-05-11T06:27:42.433Z","356d6176-c606-4ce3-bb46-564065fbcec3","gr8kumar@gmail.com","Microsoft.HdInsight/locations","","/subscriptions/356d6176-c606-4ce3-bb46-564065fbcec3/providers/Microsoft.HdInsight/locations/WestUS"
"1cbb1689-948b-42b9-95e8-28957f9957d1","CheckNameAvailability","Succeeded","Administrative","Informational","2019-05-11T06:27:39.726Z","356d6176-c606-4ce3-bb46-564065fbcec3","gr8kumar@gmail.com","Microsoft.HdInsight/locations","","/subscriptions/356d6176-c606-4ce3-bb46-564065fbcec3/providers/Microsoft.HdInsight/locations/WestUS"
"1cbb1689-948b-42b9-95e8-28957f9957d1","CheckNameAvailability","Started","Administrative","Informational","2019-05-11T06:27:30.209Z","356d6176-c606-4ce3-bb46-564065fbcec3","gr8kumar@gmail.com","Microsoft.HdInsight/locations","","/subscriptions/356d6176-c606-4ce3-bb46-564065fbcec3/providers/Microsoft.HdInsight/locations/WestUS"
"1cbb1689-948b-42b9-95e8-28957f9957d1","CheckNameAvailability","Started","Administrative","Informational","2019-05-11T06:27:30.209Z","356d6176-c606-4ce3-bb46-564065fbcec3","gr8kumar@gmail.com","Microsoft.HdInsight/locations","","/subscriptions/356d6176-c606-4ce3-bb46-564065fbcec3/providers/Microsoft.HdInsight/locations/WestUS"
"1cbb1689-948b-42b9-95e8-28957f9957d1","CheckNameAvailability","Succeeded","Administrative","Informational","2019-05-11T06:27:39.726Z","356d6176-c606-4ce3-bb46-564065fbcec3","gr8kumar@gmail.com","Microsoft.HdInsight/locations","","/subscriptions/356d6176-c606-4ce3-bb46-564065fbcec3/providers/Microsoft.HdInsight/locations/WestUS"
"cd57f775-3916-4917-80c9-3d6ba461668d","CheckNameAvailability","Succeeded","Administrative","Informational","2019-05-11T06:27:38.924Z","356d6176-c606-4ce3-bb46-564065fbcec3","gr8kumar@gmail.com","Microsoft.HdInsight/locations","","/subscriptions/356d6176-c606-4ce3-bb46-564065fbcec3/providers/Microsoft.HdInsight/locations/WestUS"
"cd57f775-3916-4917-80c9-3d6ba461668d","CheckNameAvailability","Started","Administrative","Informational","2019-05-11T06:27:29.624Z","356d6176-c606-4ce3-bb46-564065fbcec3","gr8kumar@gmail.com","Microsoft.HdInsight/locations","","/subscriptions/356d6176-c606-4ce3-bb46-564065fbcec3/providers/Microsoft.HdInsight/locations/WestUS"
"cd57f775-3916-4917-80c9-3d6ba461668d","CheckNameAvailability","Started","Administrative","Informational","2019-05-11T06:27:29.624Z","356d6176-c606-4ce3-bb46-564065fbcec3","gr8kumar@gmail.com","Microsoft.HdInsight/locations","","/subscriptions/356d6176-c606-4ce3-bb46-564065fbcec3/providers/Microsoft.HdInsight/locations/WestUS"
"cd57f775-3916-4917-80c9-3d6ba461668d","CheckNameAvailability","Succeeded","Administrative","Informational","2019-05-11T06:27:38.924Z","356d6176-c606-4ce3-bb46-564065fbcec3","gr8kumar@gmail.com","Microsoft.HdInsight/locations","","/subscriptions/356d6176-c606-4ce3-bb46-564065fbcec3/providers/Microsoft.HdInsight/locations/WestUS"
"9ebf98ea-845e-4e44-8166-3c175809b180","CheckNameAvailability","Succeeded","Administrative","Informational","2019-05-11T06:27:33.719Z","356d6176-c606-4ce3-bb46-564065fbcec3","gr8kumar@gmail.com","Microsoft.HdInsight/locations","","/subscriptions/356d6176-c606-4ce3-bb46-564065fbcec3/providers/Microsoft.HdInsight/locations/WestUS"
"9ebf98ea-845e-4e44-8166-3c175809b180","CheckNameAvailability","Started","Administrative","Informational","2019-05-11T06:27:25.642Z","356d6176-c606-4ce3-bb46-564065fbcec3","gr8kumar@gmail.com","Microsoft.HdInsight/locations","","/subscriptions/356d6176-c606-4ce3-bb46-564065fbcec3/providers/Microsoft.HdInsight/locations/WestUS"
"9ebf98ea-845e-4e44-8166-3c175809b180","CheckNameAvailability","Started","Administrative","Informational","2019-05-11T06:27:25.642Z","356d6176-c606-4ce3-bb46-564065fbcec3","gr8kumar@gmail.com","Microsoft.HdInsight/locations","","/subscriptions/356d6176-c606-4ce3-bb46-564065fbcec3/providers/Microsoft.HdInsight/locations/WestUS"
"9ebf98ea-845e-4e44-8166-3c175809b180","CheckNameAvailability","Succeeded","Administrative","Informational","2019-05-11T06:27:33.719Z","356d6176-c606-4ce3-bb46-564065fbcec3","gr8kumar@gmail.com","Microsoft.HdInsight/locations","","/subscriptions/356d6176-c606-4ce3-bb46-564065fbcec3/providers/Microsoft.HdInsight/locations/WestUS"
"f7698955-d189-489f-b87a-2f56c0e5f306","CheckNameAvailability","Failed","Administrative","Error","2019-05-11T06:27:32.003Z","356d6176-c606-4ce3-bb46-564065fbcec3","gr8kumar@gmail.com","Microsoft.HdInsight/locations","","/subscriptions/356d6176-c606-4ce3-bb46-564065fbcec3/providers/Microsoft.HdInsight/locations/WestUS"
"f7698955-d189-489f-b87a-2f56c0e5f306","CheckNameAvailability","Started","Administrative","Informational","2019-05-11T06:27:30.822Z","356d6176-c606-4ce3-bb46-564065fbcec3","gr8kumar@gmail.com","Microsoft.HdInsight/locations","","/subscriptions/356d6176-c606-4ce3-bb46-564065fbcec3/providers/Microsoft.HdInsight/locations/WestUS"
"f7698955-d189-489f-b87a-2f56c0e5f306","CheckNameAvailability","Started","Administrative","Informational","2019-05-11T06:27:30.822Z","356d6176-c606-4ce3-bb46-564065fbcec3","gr8kumar@gmail.com","Microsoft.HdInsight/locations","","/subscriptions/356d6176-c606-4ce3-bb46-564065fbcec3/providers/Microsoft.HdInsight/locations/WestUS"
"f7698955-d189-489f-b87a-2f56c0e5f306","CheckNameAvailability","Failed","Administrative","Error","2019-05-11T06:27:32.003Z","356d6176-c606-4ce3-bb46-564065fbcec3","gr8kumar@gmail.com","Microsoft.HdInsight/locations","","/subscriptions/356d6176-c606-4ce3-bb46-564065fbcec3/providers/Microsoft.HdInsight/locations/WestUS"
"e4af6ef9-2e6d-4040-a93d-488dc229fd92","CheckNameAvailability","Failed","Administrative","Error","2019-05-11T06:27:28.357Z","356d6176-c606-4ce3-bb46-564065fbcec3","gr8kumar@gmail.com","Microsoft.HdInsight/locations","","/subscriptions/356d6176-c606-4ce3-bb46-564065fbcec3/providers/Microsoft.HdInsight/locations/WestUS"
"e4af6ef9-2e6d-4040-a93d-488dc229fd92","CheckNameAvailability","Started","Administrative","Informational","2019-05-11T06:27:27.187Z","356d6176-c606-4ce3-bb46-564065fbcec3","gr8kumar@gmail.com","Microsoft.HdInsight/locations","","/subscriptions/356d6176-c606-4ce3-bb46-564065fbcec3/providers/Microsoft.HdInsight/locations/WestUS"
"e4af6ef9-2e6d-4040-a93d-488dc229fd92","CheckNameAvailability","Started","Administrative","Informational","2019-05-11T06:27:27.187Z","356d6176-c606-4ce3-bb46-564065fbcec3","gr8kumar@gmail.com","Microsoft.HdInsight/locations","","/subscriptions/356d6176-c606-4ce3-bb46-564065fbcec3/providers/Microsoft.HdInsight/locations/WestUS"
"e4af6ef9-2e6d-4040-a93d-488dc229fd92","CheckNameAvailability","Failed","Administrative","Error","2019-05-11T06:27:28.357Z","356d6176-c606-4ce3-bb46-564065fbcec3","gr8kumar@gmail.com","Microsoft.HdInsight/locations","","/subscriptions/356d6176-c606-4ce3-bb46-564065fbcec3/providers/Microsoft.HdInsight/locations/WestUS"
"37ea4488-45bf-45a1-a3cf-4914b1eabf0e","Register","Succeeded","Administrative","Informational","2019-05-11T06:27:24.830Z","356d6176-c606-4ce3-bb46-564065fbcec3","gr8kumar@gmail.com","","","/subscriptions/356d6176-c606-4ce3-bb46-564065fbcec3/providers/Microsoft.HdInsight"
"37ea4488-45bf-45a1-a3cf-4914b1eabf0e","Register","Started","Administrative","Informational","2019-05-11T06:27:17.346Z","356d6176-c606-4ce3-bb46-564065fbcec3","gr8kumar@gmail.com","","","/subscriptions/356d6176-c606-4ce3-bb46-564065fbcec3/providers/Microsoft.HdInsight"
"37ea4488-45bf-45a1-a3cf-4914b1eabf0e","Register","Started","Administrative","Informational","2019-05-11T06:27:17.346Z","356d6176-c606-4ce3-bb46-564065fbcec3","gr8kumar@gmail.com","","","/subscriptions/356d6176-c606-4ce3-bb46-564065fbcec3/providers/Microsoft.HdInsight"
"37ea4488-45bf-45a1-a3cf-4914b1eabf0e","Register","Succeeded","Administrative","Informational","2019-05-11T06:27:24.830Z","356d6176-c606-4ce3-bb46-564065fbcec3","gr8kumar@gmail.com","","","/subscriptions/356d6176-c606-4ce3-bb46-564065fbcec3/providers/Microsoft.HdInsight"
"fe8d6daa-f6b1-41f7-930b-2d6ecb3ee56b","Register","Succeeded","Administrative","Informational","2019-05-11T06:27:24.825Z","356d6176-c606-4ce3-bb46-564065fbcec3","gr8kumar@gmail.com","","","/subscriptions/356d6176-c606-4ce3-bb46-564065fbcec3/providers/Microsoft.HdInsight"
"fe8d6daa-f6b1-41f7-930b-2d6ecb3ee56b","Register","Started","Administrative","Informational","2019-05-11T06:27:17.806Z","356d6176-c606-4ce3-bb46-564065fbcec3","gr8kumar@gmail.com","","","/subscriptions/356d6176-c606-4ce3-bb46-564065fbcec3/providers/Microsoft.HdInsight"
"fe8d6daa-f6b1-41f7-930b-2d6ecb3ee56b","Register","Started","Administrative","Informational","2019-05-11T06:27:17.806Z","356d6176-c606-4ce3-bb46-564065fbcec3","gr8kumar@gmail.com","","","/subscriptions/356d6176-c606-4ce3-bb46-564065fbcec3/providers/Microsoft.HdInsight"
"fe8d6daa-f6b1-41f7-930b-2d6ecb3ee56b","Register","Succeeded","Administrative","Informational","2019-05-11T06:27:24.825Z","356d6176-c606-4ce3-bb46-564065fbcec3","gr8kumar@gmail.com","","","/subscriptions/356d6176-c606-4ce3-bb46-564065fbcec3/providers/Microsoft.HdInsight"
"26ceedae-ad9d-4a72-8cf9-27fb18ee28dc","Register","Succeeded","Administrative","Informational","2019-05-11T06:27:24.820Z","356d6176-c606-4ce3-bb46-564065fbcec3","gr8kumar@gmail.com","","","/subscriptions/356d6176-c606-4ce3-bb46-564065fbcec3/providers/Microsoft.HdInsight"
"26ceedae-ad9d-4a72-8cf9-27fb18ee28dc","Register","Started","Administrative","Informational","2019-05-11T06:27:17.351Z","356d6176-c606-4ce3-bb46-564065fbcec3","gr8kumar@gmail.com","","","/subscriptions/356d6176-c606-4ce3-bb46-564065fbcec3/providers/Microsoft.HdInsight"
"26ceedae-ad9d-4a72-8cf9-27fb18ee28dc","Register","Started","Administrative","Informational","2019-05-11T06:27:17.351Z","356d6176-c606-4ce3-bb46-564065fbcec3","gr8kumar@gmail.com","","","/subscriptions/356d6176-c606-4ce3-bb46-564065fbcec3/providers/Microsoft.HdInsight"
"26ceedae-ad9d-4a72-8cf9-27fb18ee28dc","Register","Succeeded","Administrative","Informational","2019-05-11T06:27:24.820Z","356d6176-c606-4ce3-bb46-564065fbcec3","gr8kumar@gmail.com","","","/subscriptions/356d6176-c606-4ce3-bb46-564065fbcec3/providers/Microsoft.HdInsight"
"35c5527d-56f7-4128-9f7e-ffee950e0d47","Register","Succeeded","Administrative","Informational","2019-05-11T06:27:24.820Z","356d6176-c606-4ce3-bb46-564065fbcec3","gr8kumar@gmail.com","","","/subscriptions/356d6176-c606-4ce3-bb46-564065fbcec3/providers/Microsoft.HdInsight"
"35c5527d-56f7-4128-9f7e-ffee950e0d47","Register","Started","Administrative","Informational","2019-05-11T06:27:17.751Z","356d6176-c606-4ce3-bb46-564065fbcec3","gr8kumar@gmail.com","","","/subscriptions/356d6176-c606-4ce3-bb46-564065fbcec3/providers/Microsoft.HdInsight"
"35c5527d-56f7-4128-9f7e-ffee950e0d47","Register","Started","Administrative","Informational","2019-05-11T06:27:17.751Z","356d6176-c606-4ce3-bb46-564065fbcec3","gr8kumar@gmail.com","","","/subscriptions/356d6176-c606-4ce3-bb46-564065fbcec3/providers/Microsoft.HdInsight"
"35c5527d-56f7-4128-9f7e-ffee950e0d47","Register","Succeeded","Administrative","Informational","2019-05-11T06:27:24.820Z","356d6176-c606-4ce3-bb46-564065fbcec3","gr8kumar@gmail.com","","","/subscriptions/356d6176-c606-4ce3-bb46-564065fbcec3/providers/Microsoft.HdInsight"
"899d75ca-0171-4da9-a437-a4151231fe91","Register","Succeeded","Administrative","Informational","2019-05-11T06:27:23.758Z","356d6176-c606-4ce3-bb46-564065fbcec3","gr8kumar@gmail.com","","","/subscriptions/356d6176-c606-4ce3-bb46-564065fbcec3/providers/Microsoft.HdInsight"
"899d75ca-0171-4da9-a437-a4151231fe91","Register","Started","Administrative","Informational","2019-05-11T06:27:17.836Z","356d6176-c606-4ce3-bb46-564065fbcec3","gr8kumar@gmail.com","","","/subscriptions/356d6176-c606-4ce3-bb46-564065fbcec3/providers/Microsoft.HdInsight"
"899d75ca-0171-4da9-a437-a4151231fe91","Register","Started","Administrative","Informational","2019-05-11T06:27:17.836Z","356d6176-c606-4ce3-bb46-564065fbcec3","gr8kumar@gmail.com","","","/subscriptions/356d6176-c606-4ce3-bb46-564065fbcec3/providers/Microsoft.HdInsight"
"899d75ca-0171-4da9-a437-a4151231fe91","Register","Succeeded","Administrative","Informational","2019-05-11T06:27:23.758Z","356d6176-c606-4ce3-bb46-564065fbcec3","gr8kumar@gmail.com","","","/subscriptions/356d6176-c606-4ce3-bb46-564065fbcec3/providers/Microsoft.HdInsight"
"adb2fb4f-2f8e-4ddf-94ef-32c71f1e9fd9","Validate Deployment","Succeeded","Administrative","Informational","2019-05-11T06:26:35.031Z","356d6176-c606-4ce3-bb46-564065fbcec3","gr8kumar@gmail.com","Microsoft.Resources/deployments","MyStorage-GR8KUMAR","/subscriptions/356d6176-c606-4ce3-bb46-564065fbcec3/resourceGroups/MyStorage-GR8KUMAR/providers/Microsoft.Resources/deployments/Microsoft.StorageAccount-20190511115456"
"adb2fb4f-2f8e-4ddf-94ef-32c71f1e9fd9","Validate Deployment","Started","Administrative","Informational","2019-05-11T06:26:34.430Z","356d6176-c606-4ce3-bb46-564065fbcec3","gr8kumar@gmail.com","Microsoft.Resources/deployments","MyStorage-GR8KUMAR","/subscriptions/356d6176-c606-4ce3-bb46-564065fbcec3/resourceGroups/MyStorage-GR8KUMAR/providers/Microsoft.Resources/deployments/Microsoft.StorageAccount-20190511115456"
"adb2fb4f-2f8e-4ddf-94ef-32c71f1e9fd9","Validate Deployment","Started","Administrative","Informational","2019-05-11T06:26:34.430Z","356d6176-c606-4ce3-bb46-564065fbcec3","gr8kumar@gmail.com","Microsoft.Resources/deployments","MyStorage-GR8KUMAR","/subscriptions/356d6176-c606-4ce3-bb46-564065fbcec3/resourceGroups/MyStorage-GR8KUMAR/providers/Microsoft.Resources/deployments/Microsoft.StorageAccount-20190511115456"
"adb2fb4f-2f8e-4ddf-94ef-32c71f1e9fd9","Validate Deployment","Succeeded","Administrative","Informational","2019-05-11T06:26:35.031Z","356d6176-c606-4ce3-bb46-564065fbcec3","gr8kumar@gmail.com","Microsoft.Resources/deployments","MyStorage-GR8KUMAR","/subscriptions/356d6176-c606-4ce3-bb46-564065fbcec3/resourceGroups/MyStorage-GR8KUMAR/providers/Microsoft.Resources/deployments/Microsoft.StorageAccount-20190511115456"
"910b8d4d-0bac-471d-82f4-2e7abb1760fd","Validate Deployment","Succeeded","Administrative","Informational","2019-05-11T06:26:31.054Z","356d6176-c606-4ce3-bb46-564065fbcec3","gr8kumar@gmail.com","Microsoft.Resources/deployments","MyStorage-GR8KUMAR","/subscriptions/356d6176-c606-4ce3-bb46-564065fbcec3/resourceGroups/MyStorage-GR8KUMAR/providers/Microsoft.Resources/deployments/Microsoft.StorageAccount-20190511115456"
"910b8d4d-0bac-471d-82f4-2e7abb1760fd","Validate Deployment","Started","Administrative","Informational","2019-05-11T06:26:30.324Z","356d6176-c606-4ce3-bb46-564065fbcec3","gr8kumar@gmail.com","Microsoft.Resources/deployments","MyStorage-GR8KUMAR","/subscriptions/356d6176-c606-4ce3-bb46-564065fbcec3/resourceGroups/MyStorage-GR8KUMAR/providers/Microsoft.Resources/deployments/Microsoft.StorageAccount-20190511115456"
"910b8d4d-0bac-471d-82f4-2e7abb1760fd","Validate Deployment","Started","Administrative","Informational","2019-05-11T06:26:30.324Z","356d6176-c606-4ce3-bb46-564065fbcec3","gr8kumar@gmail.com","Microsoft.Resources/deployments","MyStorage-GR8KUMAR","/subscriptions/356d6176-c606-4ce3-bb46-564065fbcec3/resourceGroups/MyStorage-GR8KUMAR/providers/Microsoft.Resources/deployments/Microsoft.StorageAccount-20190511115456"
"910b8d4d-0bac-471d-82f4-2e7abb1760fd","Validate Deployment","Succeeded","Administrative","Informational","2019-05-11T06:26:31.054Z","356d6176-c606-4ce3-bb46-564065fbcec3","gr8kumar@gmail.com","Microsoft.Resources/deployments","MyStorage-GR8KUMAR","/subscriptions/356d6176-c606-4ce3-bb46-564065fbcec3/resourceGroups/MyStorage-GR8KUMAR/providers/Microsoft.Resources/deployments/Microsoft.StorageAccount-20190511115456"
"a3b77499-0c88-486f-9f68-dd7e0865efd5","Validate Deployment","Succeeded","Administrative","Informational","2019-05-11T06:26:12.883Z","356d6176-c606-4ce3-bb46-564065fbcec3","gr8kumar@gmail.com","Microsoft.Resources/deployments","MyStorage-GR8KUMAR","/subscriptions/356d6176-c606-4ce3-bb46-564065fbcec3/resourceGroups/MyStorage-GR8KUMAR/providers/Microsoft.Resources/deployments/Microsoft.StorageAccount-20190511115456"
"a3b77499-0c88-486f-9f68-dd7e0865efd5","Validate Deployment","Started","Administrative","Informational","2019-05-11T06:26:12.038Z","356d6176-c606-4ce3-bb46-564065fbcec3","gr8kumar@gmail.com","Microsoft.Resources/deployments","MyStorage-GR8KUMAR","/subscriptions/356d6176-c606-4ce3-bb46-564065fbcec3/resourceGroups/MyStorage-GR8KUMAR/providers/Microsoft.Resources/deployments/Microsoft.StorageAccount-20190511115456"
"a3b77499-0c88-486f-9f68-dd7e0865efd5","Validate Deployment","Started","Administrative","Informational","2019-05-11T06:26:12.038Z","356d6176-c606-4ce3-bb46-564065fbcec3","gr8kumar@gmail.com","Microsoft.Resources/deployments","MyStorage-GR8KUMAR","/subscriptions/356d6176-c606-4ce3-bb46-564065fbcec3/resourceGroups/MyStorage-GR8KUMAR/providers/Microsoft.Resources/deployments/Microsoft.StorageAccount-20190511115456"
"a3b77499-0c88-486f-9f68-dd7e0865efd5","Validate Deployment","Succeeded","Administrative","Informational","2019-05-11T06:26:12.883Z","356d6176-c606-4ce3-bb46-564065fbcec3","gr8kumar@gmail.com","Microsoft.Resources/deployments","MyStorage-GR8KUMAR","/subscriptions/356d6176-c606-4ce3-bb46-564065fbcec3/resourceGroups/MyStorage-GR8KUMAR/providers/Microsoft.Resources/deployments/Microsoft.StorageAccount-20190511115456"
"fde7edb1-c07e-4e6a-8155-da4cb3c03d74","Update Storage Account Create","Succeeded","Administrative","Informational","2019-05-11T06:25:35.362Z","356d6176-c606-4ce3-bb46-564065fbcec3","gr8kumar@gmail.com","Microsoft.Storage/storageAccounts","MyStorage-GR8KUMAR","/subscriptions/356d6176-c606-4ce3-bb46-564065fbcec3/resourcegroups/MyStorage-GR8KUMAR/providers/Microsoft.Storage/storageAccounts/gr8kumar"
"fde7edb1-c07e-4e6a-8155-da4cb3c03d74","Update Storage Account Create","Succeeded","Administrative","Informational","2019-05-11T06:25:35.362Z","356d6176-c606-4ce3-bb46-564065fbcec3","gr8kumar@gmail.com","Microsoft.Storage/storageAccounts","MyStorage-GR8KUMAR","/subscriptions/356d6176-c606-4ce3-bb46-564065fbcec3/resourcegroups/MyStorage-GR8KUMAR/providers/Microsoft.Storage/storageAccounts/gr8kumar"
"57c5b56e-18e9-435d-8e39-e2ed1aa75719","CheckNameAvailability","Succeeded","Administrative","Informational","2019-05-11T06:21:54.206Z","356d6176-c606-4ce3-bb46-564065fbcec3","gr8kumar@gmail.com","Microsoft.HdInsight/locations","","/subscriptions/356d6176-c606-4ce3-bb46-564065fbcec3/providers/Microsoft.HdInsight/locations/WestUS"
"57c5b56e-18e9-435d-8e39-e2ed1aa75719","CheckNameAvailability","Started","Administrative","Informational","2019-05-11T06:21:45.682Z","356d6176-c606-4ce3-bb46-564065fbcec3","gr8kumar@gmail.com","Microsoft.HdInsight/locations","","/subscriptions/356d6176-c606-4ce3-bb46-564065fbcec3/providers/Microsoft.HdInsight/locations/WestUS"
"57c5b56e-18e9-435d-8e39-e2ed1aa75719","CheckNameAvailability","Started","Administrative","Informational","2019-05-11T06:21:45.682Z","356d6176-c606-4ce3-bb46-564065fbcec3","gr8kumar@gmail.com","Microsoft.HdInsight/locations","","/subscriptions/356d6176-c606-4ce3-bb46-564065fbcec3/providers/Microsoft.HdInsight/locations/WestUS"
"57c5b56e-18e9-435d-8e39-e2ed1aa75719","CheckNameAvailability","Succeeded","Administrative","Informational","2019-05-11T06:21:54.206Z","356d6176-c606-4ce3-bb46-564065fbcec3","gr8kumar@gmail.com","Microsoft.HdInsight/locations","","/subscriptions/356d6176-c606-4ce3-bb46-564065fbcec3/providers/Microsoft.HdInsight/locations/WestUS"
"e4ab75ec-fe30-4519-a95d-60c14708ec2b","ValidateCreateRequest","Failed","Administrative","Error","2019-05-11T06:21:46.821Z","356d6176-c606-4ce3-bb46-564065fbcec3","gr8kumar@gmail.com","Microsoft.HdInsight/locations","","/subscriptions/356d6176-c606-4ce3-bb46-564065fbcec3/providers/Microsoft.HdInsight/locations/southindia"
"e4ab75ec-fe30-4519-a95d-60c14708ec2b","ValidateCreateRequest","Started","Administrative","Informational","2019-05-11T06:21:45.732Z","356d6176-c606-4ce3-bb46-564065fbcec3","gr8kumar@gmail.com","Microsoft.HdInsight/locations","","/subscriptions/356d6176-c606-4ce3-bb46-564065fbcec3/providers/Microsoft.HdInsight/locations/southindia"
"e4ab75ec-fe30-4519-a95d-60c14708ec2b","ValidateCreateRequest","Started","Administrative","Informational","2019-05-11T06:21:45.732Z","356d6176-c606-4ce3-bb46-564065fbcec3","gr8kumar@gmail.com","Microsoft.HdInsight/locations","","/subscriptions/356d6176-c606-4ce3-bb46-564065fbcec3/providers/Microsoft.HdInsight/locations/southindia"
"e4ab75ec-fe30-4519-a95d-60c14708ec2b","ValidateCreateRequest","Failed","Administrative","Error","2019-05-11T06:21:46.821Z","356d6176-c606-4ce3-bb46-564065fbcec3","gr8kumar@gmail.com","Microsoft.HdInsight/locations","","/subscriptions/356d6176-c606-4ce3-bb46-564065fbcec3/providers/Microsoft.HdInsight/locations/southindia"
"0fd2e3de-ea70-4300-928e-5367fdc3c217","CheckNameAvailability","Succeeded","Administrative","Informational","2019-05-11T06:21:04.209Z","356d6176-c606-4ce3-bb46-564065fbcec3","gr8kumar@gmail.com","Microsoft.HdInsight/locations","","/subscriptions/356d6176-c606-4ce3-bb46-564065fbcec3/providers/Microsoft.HdInsight/locations/WestUS"
"0fd2e3de-ea70-4300-928e-5367fdc3c217","CheckNameAvailability","Started","Administrative","Informational","2019-05-11T06:20:54.834Z","356d6176-c606-4ce3-bb46-564065fbcec3","gr8kumar@gmail.com","Microsoft.HdInsight/locations","","/subscriptions/356d6176-c606-4ce3-bb46-564065fbcec3/providers/Microsoft.HdInsight/locations/WestUS"
"0fd2e3de-ea70-4300-928e-5367fdc3c217","CheckNameAvailability","Started","Administrative","Informational","2019-05-11T06:20:54.834Z","356d6176-c606-4ce3-bb46-564065fbcec3","gr8kumar@gmail.com","Microsoft.HdInsight/locations","","/subscriptions/356d6176-c606-4ce3-bb46-564065fbcec3/providers/Microsoft.HdInsight/locations/WestUS"
"0fd2e3de-ea70-4300-928e-5367fdc3c217","CheckNameAvailability","Succeeded","Administrative","Informational","2019-05-11T06:21:04.209Z","356d6176-c606-4ce3-bb46-564065fbcec3","gr8kumar@gmail.com","Microsoft.HdInsight/locations","","/subscriptions/356d6176-c606-4ce3-bb46-564065fbcec3/providers/Microsoft.HdInsight/locations/WestUS"
"54febf95-d460-442b-b5c4-1b4e0b5173a4","CheckNameAvailability","Succeeded","Administrative","Informational","2019-05-11T06:21:02.520Z","356d6176-c606-4ce3-bb46-564065fbcec3","gr8kumar@gmail.com","Microsoft.HdInsight/locations","","/subscriptions/356d6176-c606-4ce3-bb46-564065fbcec3/providers/Microsoft.HdInsight/locations/WestUS"
"54febf95-d460-442b-b5c4-1b4e0b5173a4","CheckNameAvailability","Started","Administrative","Informational","2019-05-11T06:20:53.029Z","356d6176-c606-4ce3-bb46-564065fbcec3","gr8kumar@gmail.com","Microsoft.HdInsight/locations","","/subscriptions/356d6176-c606-4ce3-bb46-564065fbcec3/providers/Microsoft.HdInsight/locations/WestUS"
"54febf95-d460-442b-b5c4-1b4e0b5173a4","CheckNameAvailability","Started","Administrative","Informational","2019-05-11T06:20:53.029Z","356d6176-c606-4ce3-bb46-564065fbcec3","gr8kumar@gmail.com","Microsoft.HdInsight/locations","","/subscriptions/356d6176-c606-4ce3-bb46-564065fbcec3/providers/Microsoft.HdInsight/locations/WestUS"
"54febf95-d460-442b-b5c4-1b4e0b5173a4","CheckNameAvailability","Succeeded","Administrative","Informational","2019-05-11T06:21:02.520Z","356d6176-c606-4ce3-bb46-564065fbcec3","gr8kumar@gmail.com","Microsoft.HdInsight/locations","","/subscriptions/356d6176-c606-4ce3-bb46-564065fbcec3/providers/Microsoft.HdInsight/locations/WestUS"
"b6fcee48-778e-46cf-b08f-65bc4349dd88","CheckNameAvailability","Succeeded","Administrative","Informational","2019-05-11T06:19:14.013Z","356d6176-c606-4ce3-bb46-564065fbcec3","gr8kumar@gmail.com","Microsoft.HdInsight/locations","","/subscriptions/356d6176-c606-4ce3-bb46-564065fbcec3/providers/Microsoft.HdInsight/locations/WestUS"
"b6fcee48-778e-46cf-b08f-65bc4349dd88","CheckNameAvailability","Started","Administrative","Informational","2019-05-11T06:19:04.571Z","356d6176-c606-4ce3-bb46-564065fbcec3","gr8kumar@gmail.com","Microsoft.HdInsight/locations","","/subscriptions/356d6176-c606-4ce3-bb46-564065fbcec3/providers/Microsoft.HdInsight/locations/WestUS"
"b6fcee48-778e-46cf-b08f-65bc4349dd88","CheckNameAvailability","Started","Administrative","Informational","2019-05-11T06:19:04.571Z","356d6176-c606-4ce3-bb46-564065fbcec3","gr8kumar@gmail.com","Microsoft.HdInsight/locations","","/subscriptions/356d6176-c606-4ce3-bb46-564065fbcec3/providers/Microsoft.HdInsight/locations/WestUS"
"b6fcee48-778e-46cf-b08f-65bc4349dd88","CheckNameAvailability","Succeeded","Administrative","Informational","2019-05-11T06:19:14.013Z","356d6176-c606-4ce3-bb46-564065fbcec3","gr8kumar@gmail.com","Microsoft.HdInsight/locations","","/subscriptions/356d6176-c606-4ce3-bb46-564065fbcec3/providers/Microsoft.HdInsight/locations/WestUS"
"c2be461a-134c-47fa-a2e6-6796ffddb566","Register","Succeeded","Administrative","Informational","2019-05-11T06:19:06.632Z","356d6176-c606-4ce3-bb46-564065fbcec3","gr8kumar@gmail.com","","","/subscriptions/356d6176-c606-4ce3-bb46-564065fbcec3/providers/Microsoft.HdInsight"
"c2be461a-134c-47fa-a2e6-6796ffddb566","Register","Started","Administrative","Informational","2019-05-11T06:18:59.565Z","356d6176-c606-4ce3-bb46-564065fbcec3","gr8kumar@gmail.com","","","/subscriptions/356d6176-c606-4ce3-bb46-564065fbcec3/providers/Microsoft.HdInsight"
"c2be461a-134c-47fa-a2e6-6796ffddb566","Register","Started","Administrative","Informational","2019-05-11T06:18:59.565Z","356d6176-c606-4ce3-bb46-564065fbcec3","gr8kumar@gmail.com","","","/subscriptions/356d6176-c606-4ce3-bb46-564065fbcec3/providers/Microsoft.HdInsight"
"c2be461a-134c-47fa-a2e6-6796ffddb566","Register","Succeeded","Administrative","Informational","2019-05-11T06:19:06.632Z","356d6176-c606-4ce3-bb46-564065fbcec3","gr8kumar@gmail.com","","","/subscriptions/356d6176-c606-4ce3-bb46-564065fbcec3/providers/Microsoft.HdInsight"
"e34a707b-c602-4278-a51b-423d124221f2","Register","Succeeded","Administrative","Informational","2019-05-11T06:19:05.321Z","356d6176-c606-4ce3-bb46-564065fbcec3","gr8kumar@gmail.com","","","/subscriptions/356d6176-c606-4ce3-bb46-564065fbcec3/providers/Microsoft.HdInsight"
"e34a707b-c602-4278-a51b-423d124221f2","Register","Started","Administrative","Informational","2019-05-11T06:18:59.580Z","356d6176-c606-4ce3-bb46-564065fbcec3","gr8kumar@gmail.com","","","/subscriptions/356d6176-c606-4ce3-bb46-564065fbcec3/providers/Microsoft.HdInsight"
"e34a707b-c602-4278-a51b-423d124221f2","Register","Started","Administrative","Informational","2019-05-11T06:18:59.580Z","356d6176-c606-4ce3-bb46-564065fbcec3","gr8kumar@gmail.com","","","/subscriptions/356d6176-c606-4ce3-bb46-564065fbcec3/providers/Microsoft.HdInsight"
"e34a707b-c602-4278-a51b-423d124221f2","Register","Succeeded","Administrative","Informational","2019-05-11T06:19:05.321Z","356d6176-c606-4ce3-bb46-564065fbcec3","gr8kumar@gmail.com","","","/subscriptions/356d6176-c606-4ce3-bb46-564065fbcec3/providers/Microsoft.HdInsight"
"287ae1f0-57ee-4225-b632-1b099caddf8f","CheckNameAvailability","Succeeded","Administrative","Informational","2019-05-11T06:18:15.104Z","356d6176-c606-4ce3-bb46-564065fbcec3","gr8kumar@gmail.com","Microsoft.HdInsight/locations","","/subscriptions/356d6176-c606-4ce3-bb46-564065fbcec3/providers/Microsoft.HdInsight/locations/WestUS"
"287ae1f0-57ee-4225-b632-1b099caddf8f","CheckNameAvailability","Succeeded","Administrative","Informational","2019-05-11T06:18:15.104Z","356d6176-c606-4ce3-bb46-564065fbcec3","gr8kumar@gmail.com","Microsoft.HdInsight/locations","","/subscriptions/356d6176-c606-4ce3-bb46-564065fbcec3/providers/Microsoft.HdInsight/locations/WestUS"
"25fb8349-db06-43ec-8c02-1a12f5cf90f7","CheckNameAvailability","Succeeded","Administrative","Informational","2019-05-11T06:18:11.746Z","356d6176-c606-4ce3-bb46-564065fbcec3","gr8kumar@gmail.com","Microsoft.HdInsight/locations","","/subscriptions/356d6176-c606-4ce3-bb46-564065fbcec3/providers/Microsoft.HdInsight/locations/WestUS"
"25fb8349-db06-43ec-8c02-1a12f5cf90f7","CheckNameAvailability","Succeeded","Administrative","Informational","2019-05-11T06:18:11.746Z","356d6176-c606-4ce3-bb46-564065fbcec3","gr8kumar@gmail.com","Microsoft.HdInsight/locations","","/subscriptions/356d6176-c606-4ce3-bb46-564065fbcec3/providers/Microsoft.HdInsight/locations/WestUS"
"971b8e86-5806-46c0-829c-013503f0b028","CheckNameAvailability","Started","Administrative","Informational","2019-05-11T06:17:57.989Z","356d6176-c606-4ce3-bb46-564065fbcec3","gr8kumar@gmail.com","Microsoft.HdInsight/locations","","/subscriptions/356d6176-c606-4ce3-bb46-564065fbcec3/providers/Microsoft.HdInsight/locations/WestUS"
"971b8e86-5806-46c0-829c-013503f0b028","CheckNameAvailability","Started","Administrative","Informational","2019-05-11T06:17:57.989Z","356d6176-c606-4ce3-bb46-564065fbcec3","gr8kumar@gmail.com","Microsoft.HdInsight/locations","","/subscriptions/356d6176-c606-4ce3-bb46-564065fbcec3/providers/Microsoft.HdInsight/locations/WestUS"
"1a5d39f2-b97a-453e-a7d0-bd5528247110","Register","Succeeded","Administrative","Informational","2019-05-11T06:17:55.214Z","356d6176-c606-4ce3-bb46-564065fbcec3","gr8kumar@gmail.com","","","/subscriptions/356d6176-c606-4ce3-bb46-564065fbcec3/providers/Microsoft.HdInsight"
"1a5d39f2-b97a-453e-a7d0-bd5528247110","Register","Succeeded","Administrative","Informational","2019-05-11T06:17:55.214Z","356d6176-c606-4ce3-bb46-564065fbcec3","gr8kumar@gmail.com","","","/subscriptions/356d6176-c606-4ce3-bb46-564065fbcec3/providers/Microsoft.HdInsight"
"d2975b63-b393-4a6f-be2e-2e221566acef","Register","Succeeded","Administrative","Informational","2019-05-11T06:17:55.209Z","356d6176-c606-4ce3-bb46-564065fbcec3","gr8kumar@gmail.com","","","/subscriptions/356d6176-c606-4ce3-bb46-564065fbcec3/providers/Microsoft.HdInsight"
"bf7c8c93-c872-4907-ba96-701cf6c8698d","Register","Succeeded","Administrative","Informational","2019-05-11T06:17:55.204Z","356d6176-c606-4ce3-bb46-564065fbcec3","gr8kumar@gmail.com","","","/subscriptions/356d6176-c606-4ce3-bb46-564065fbcec3/providers/Microsoft.HdInsight"
"bf7c8c93-c872-4907-ba96-701cf6c8698d","Register","Succeeded","Administrative","Informational","2019-05-11T06:17:55.204Z","356d6176-c606-4ce3-bb46-564065fbcec3","gr8kumar@gmail.com","","","/subscriptions/356d6176-c606-4ce3-bb46-564065fbcec3/providers/Microsoft.HdInsight"
"83f3903a-b800-4abe-9815-39b9be8f95cb","Register","Succeeded","Administrative","Informational","2019-05-11T06:17:55.079Z","356d6176-c606-4ce3-bb46-564065fbcec3","gr8kumar@gmail.com","","","/subscriptions/356d6176-c606-4ce3-bb46-564065fbcec3/providers/Microsoft.HdInsight"
"771b3b96-94c3-4e50-a113-2826316aefd2","CheckNameAvailability","Succeeded","Administrative","Informational","2019-05-11T06:18:08.226Z","356d6176-c606-4ce3-bb46-564065fbcec3","gr8kumar@gmail.com","Microsoft.HdInsight/locations","","/subscriptions/356d6176-c606-4ce3-bb46-564065fbcec3/providers/Microsoft.HdInsight/locations/WestUS"
"771b3b96-94c3-4e50-a113-2826316aefd2","CheckNameAvailability","Started","Administrative","Informational","2019-05-11T06:17:58.954Z","356d6176-c606-4ce3-bb46-564065fbcec3","gr8kumar@gmail.com","Microsoft.HdInsight/locations","","/subscriptions/356d6176-c606-4ce3-bb46-564065fbcec3/providers/Microsoft.HdInsight/locations/WestUS"
"971b8e86-5806-46c0-829c-013503f0b028","CheckNameAvailability","Succeeded","Administrative","Informational","2019-05-11T06:18:07.062Z","356d6176-c606-4ce3-bb46-564065fbcec3","gr8kumar@gmail.com","Microsoft.HdInsight/locations","","/subscriptions/356d6176-c606-4ce3-bb46-564065fbcec3/providers/Microsoft.HdInsight/locations/WestUS"
"287ae1f0-57ee-4225-b632-1b099caddf8f","CheckNameAvailability","Started","Administrative","Informational","2019-05-11T06:18:06.212Z","356d6176-c606-4ce3-bb46-564065fbcec3","gr8kumar@gmail.com","Microsoft.HdInsight/locations","","/subscriptions/356d6176-c606-4ce3-bb46-564065fbcec3/providers/Microsoft.HdInsight/locations/WestUS"
"25fb8349-db06-43ec-8c02-1a12f5cf90f7","CheckNameAvailability","Started","Administrative","Informational","2019-05-11T06:18:02.906Z","356d6176-c606-4ce3-bb46-564065fbcec3","gr8kumar@gmail.com","Microsoft.HdInsight/locations","","/subscriptions/356d6176-c606-4ce3-bb46-564065fbcec3/providers/Microsoft.HdInsight/locations/WestUS"
"c778d0d8-7dab-42c1-9b05-f8889847cf32","CheckNameAvailability","Failed","Administrative","Error","2019-05-11T06:18:01.893Z","356d6176-c606-4ce3-bb46-564065fbcec3","gr8kumar@gmail.com","Microsoft.HdInsight/locations","","/subscriptions/356d6176-c606-4ce3-bb46-564065fbcec3/providers/Microsoft.HdInsight/locations/WestUS"
"c778d0d8-7dab-42c1-9b05-f8889847cf32","CheckNameAvailability","Started","Administrative","Informational","2019-05-11T06:18:00.704Z","356d6176-c606-4ce3-bb46-564065fbcec3","gr8kumar@gmail.com","Microsoft.HdInsight/locations","","/subscriptions/356d6176-c606-4ce3-bb46-564065fbcec3/providers/Microsoft.HdInsight/locations/WestUS"
"36e589c7-12e2-4c1a-90b4-4783c813e473","Register","Succeeded","Administrative","Informational","2019-05-11T06:17:54.159Z","356d6176-c606-4ce3-bb46-564065fbcec3","gr8kumar@gmail.com","","","/subscriptions/356d6176-c606-4ce3-bb46-564065fbcec3/providers/Microsoft.HdInsight"
"36e589c7-12e2-4c1a-90b4-4783c813e473","Register","Started","Administrative","Informational","2019-05-11T06:17:47.930Z","356d6176-c606-4ce3-bb46-564065fbcec3","gr8kumar@gmail.com","","","/subscriptions/356d6176-c606-4ce3-bb46-564065fbcec3/providers/Microsoft.HdInsight"
"1a5d39f2-b97a-453e-a7d0-bd5528247110","Register","Started","Administrative","Informational","2019-05-11T06:17:47.965Z","356d6176-c606-4ce3-bb46-564065fbcec3","gr8kumar@gmail.com","","","/subscriptions/356d6176-c606-4ce3-bb46-564065fbcec3/providers/Microsoft.HdInsight"
"d2975b63-b393-4a6f-be2e-2e221566acef","Register","Started","Administrative","Informational","2019-05-11T06:17:47.905Z","356d6176-c606-4ce3-bb46-564065fbcec3","gr8kumar@gmail.com","","","/subscriptions/356d6176-c606-4ce3-bb46-564065fbcec3/providers/Microsoft.HdInsight"
"bf7c8c93-c872-4907-ba96-701cf6c8698d","Register","Started","Administrative","Informational","2019-05-11T06:17:47.610Z","356d6176-c606-4ce3-bb46-564065fbcec3","gr8kumar@gmail.com","","","/subscriptions/356d6176-c606-4ce3-bb46-564065fbcec3/providers/Microsoft.HdInsight"
"83f3903a-b800-4abe-9815-39b9be8f95cb","Register","Started","Administrative","Informational","2019-05-11T06:17:47.590Z","356d6176-c606-4ce3-bb46-564065fbcec3","gr8kumar@gmail.com","","","/subscriptions/356d6176-c606-4ce3-bb46-564065fbcec3/providers/Microsoft.HdInsight"
"fde7edb1-c07e-4e6a-8155-da4cb3c03d74","Create Deployment","Succeeded","Administrative","Informational","2019-05-11T06:15:58.818Z","356d6176-c606-4ce3-bb46-564065fbcec3","gr8kumar@gmail.com","Microsoft.Resources/deployments","MyStorage-GR8KUMAR","/subscriptions/356d6176-c606-4ce3-bb46-564065fbcec3/resourceGroups/MyStorage-GR8KUMAR/providers/Microsoft.Resources/deployments/Microsoft.StorageAccount-20190511114047"
"fde7edb1-c07e-4e6a-8155-da4cb3c03d74","Create Deployment","Started","Administrative","Informational","2019-05-11T06:15:29.521Z","356d6176-c606-4ce3-bb46-564065fbcec3","gr8kumar@gmail.com","Microsoft.Resources/deployments","MyStorage-GR8KUMAR","/subscriptions/356d6176-c606-4ce3-bb46-564065fbcec3/resourceGroups/MyStorage-GR8KUMAR/providers/Microsoft.Resources/deployments/Microsoft.StorageAccount-20190511114047"
"fde7edb1-c07e-4e6a-8155-da4cb3c03d74","Create Deployment","Accepted","Administrative","Informational","2019-05-11T06:15:29.746Z","356d6176-c606-4ce3-bb46-564065fbcec3","gr8kumar@gmail.com","Microsoft.Resources/deployments","MyStorage-GR8KUMAR","/subscriptions/356d6176-c606-4ce3-bb46-564065fbcec3/resourceGroups/MyStorage-GR8KUMAR/providers/Microsoft.Resources/deployments/Microsoft.StorageAccount-20190511114047"
"fde7edb1-c07e-4e6a-8155-da4cb3c03d74","Update Storage Account Create","Started","Administrative","Informational","2019-05-11T06:15:33.172Z","356d6176-c606-4ce3-bb46-564065fbcec3","gr8kumar@gmail.com","Microsoft.Storage/storageAccounts","MyStorage-GR8KUMAR","/subscriptions/356d6176-c606-4ce3-bb46-564065fbcec3/resourcegroups/MyStorage-GR8KUMAR/providers/Microsoft.Storage/storageAccounts/gr8kumar"
"fde7edb1-c07e-4e6a-8155-da4cb3c03d74","Update Storage Account Create","Accepted","Administrative","Informational","2019-05-11T06:15:35.993Z","356d6176-c606-4ce3-bb46-564065fbcec3","gr8kumar@gmail.com","Microsoft.Storage/storageAccounts","MyStorage-GR8KUMAR","/subscriptions/356d6176-c606-4ce3-bb46-564065fbcec3/resourcegroups/MyStorage-GR8KUMAR/providers/Microsoft.Storage/storageAccounts/gr8kumar"
"fde7edb1-c07e-4e6a-8155-da4cb3c03d74","Update Storage Account Create","Succeeded","Administrative","Informational","2019-05-11T06:15:54.302Z","356d6176-c606-4ce3-bb46-564065fbcec3","gr8kumar@gmail.com","Microsoft.Storage/storageAccounts","MyStorage-GR8KUMAR","/subscriptions/356d6176-c606-4ce3-bb46-564065fbcec3/resourcegroups/MyStorage-GR8KUMAR/providers/Microsoft.Storage/storageAccounts/gr8kumar"
"cdb493fe-78ce-4152-bfe4-7a6057eecf1b","Validate Deployment","Succeeded","Administrative","Informational","2019-05-11T06:15:29.471Z","356d6176-c606-4ce3-bb46-564065fbcec3","gr8kumar@gmail.com","Microsoft.Resources/deployments","MyStorage-GR8KUMAR","/subscriptions/356d6176-c606-4ce3-bb46-564065fbcec3/resourceGroups/MyStorage-GR8KUMAR/providers/Microsoft.Resources/deployments/Microsoft.StorageAccount-20190511114047"
"cdb493fe-78ce-4152-bfe4-7a6057eecf1b","Validate Deployment","Started","Administrative","Informational","2019-05-11T06:15:28.841Z","356d6176-c606-4ce3-bb46-564065fbcec3","gr8kumar@gmail.com","Microsoft.Resources/deployments","MyStorage-GR8KUMAR","/subscriptions/356d6176-c606-4ce3-bb46-564065fbcec3/resourceGroups/MyStorage-GR8KUMAR/providers/Microsoft.Resources/deployments/Microsoft.StorageAccount-20190511114047"
"ac218091-93f9-4359-858c-c8cc51c5d5ca","Validate Deployment","Succeeded","Administrative","Informational","2019-05-11T06:15:23.218Z","356d6176-c606-4ce3-bb46-564065fbcec3","gr8kumar@gmail.com","Microsoft.Resources/deployments","MyStorage-GR8KUMAR","/subscriptions/356d6176-c606-4ce3-bb46-564065fbcec3/resourceGroups/MyStorage-GR8KUMAR/providers/Microsoft.Resources/deployments/Microsoft.StorageAccount-20190511114047"
"ac218091-93f9-4359-858c-c8cc51c5d5ca","Validate Deployment","Started","Administrative","Informational","2019-05-11T06:15:22.514Z","356d6176-c606-4ce3-bb46-564065fbcec3","gr8kumar@gmail.com","Microsoft.Resources/deployments","MyStorage-GR8KUMAR","/subscriptions/356d6176-c606-4ce3-bb46-564065fbcec3/resourceGroups/MyStorage-GR8KUMAR/providers/Microsoft.Resources/deployments/Microsoft.StorageAccount-20190511114047"
"28cb99f5-e88f-4219-8a5c-228f465f3868","Validate Deployment","Succeeded","Administrative","Informational","2019-05-11T06:14:02.303Z","356d6176-c606-4ce3-bb46-564065fbcec3","gr8kumar@gmail.com","Microsoft.Resources/deployments","MyStorage-GR8KUMAR","/subscriptions/356d6176-c606-4ce3-bb46-564065fbcec3/resourceGroups/MyStorage-GR8KUMAR/providers/Microsoft.Resources/deployments/Microsoft.StorageAccount-20190511114047"
"28cb99f5-e88f-4219-8a5c-228f465f3868","Validate Deployment","Started","Administrative","Informational","2019-05-11T06:14:01.598Z","356d6176-c606-4ce3-bb46-564065fbcec3","gr8kumar@gmail.com","Microsoft.Resources/deployments","MyStorage-GR8KUMAR","/subscriptions/356d6176-c606-4ce3-bb46-564065fbcec3/resourceGroups/MyStorage-GR8KUMAR/providers/Microsoft.Resources/deployments/Microsoft.StorageAccount-20190511114047"
"a5118fb1-f9a0-4a56-9818-83cefe3168a3","Update resource group","Succeeded","Administrative","Informational","2019-05-11T06:14:01.462Z","356d6176-c606-4ce3-bb46-564065fbcec3","gr8kumar@gmail.com","Microsoft.Resources/subscriptions/resourceGroups","MyStorage-GR8KUMAR","/subscriptions/356d6176-c606-4ce3-bb46-564065fbcec3/resourceGroups/MyStorage-GR8KUMAR"
"a5118fb1-f9a0-4a56-9818-83cefe3168a3","Update resource group","Started","Administrative","Informational","2019-05-11T06:14:01.116Z","356d6176-c606-4ce3-bb46-564065fbcec3","gr8kumar@gmail.com","Microsoft.Resources/subscriptions/resourceGroups","MyStorage-GR8KUMAR","/subscriptions/356d6176-c606-4ce3-bb46-564065fbcec3/resourceGroups/MyStorage-GR8KUMAR"
